<?xml version="1.0" encoding="UTF-8"?>
<GenRun Id="impl_1" LaunchPart="xc7a35tcpg236-1" LaunchTime="1711996156">
  <File Type="ROUTE-PWR" Name="morse_encoder_power_routed.rpt"/>
  <File Type="PA-TCL" Name="morse_encoder.tcl"/>
  <File Type="ROUTE-PWR-SUM" Name="morse_encoder_power_summary_routed.pb"/>
  <File Type="REPORTS-TCL" Name="morse_encoder_reports.tcl"/>
  <File Type="BITSTR-MSK" Name="morse_encoder.msk"/>
  <File Type="ROUTE-CLK" Name="morse_encoder_clock_utilization_routed.rpt"/>
  <File Type="RDI-RDI" Name="morse_encoder.vdi"/>
  <File Type="POSTROUTE-PHYSOPT-BUS-SKEW-PB" Name="morse_encoder_bus_skew_postroute_physopted.pb"/>
  <File Type="BG-BIT" Name="morse_encoder.bit"/>
  <File Type="BG-DRC" Name="morse_encoder.drc"/>
  <File Type="BG-BGN" Name="morse_encoder.bgn"/>
  <File Type="BG-BIN" Name="morse_encoder.bin"/>
  <File Type="BITSTR-RBT" Name="morse_encoder.rbt"/>
  <File Type="BITSTR-NKY" Name="morse_encoder.nky"/>
  <File Type="BITSTR-BMM" Name="morse_encoder_bd.bmm"/>
  <File Type="BITSTR-MMI" Name="morse_encoder.mmi"/>
  <File Type="ROUTE-METHODOLOGY-DRC" Name="morse_encoder_methodology_drc_routed.rpt"/>
  <File Type="BITSTR-SYSDEF" Name="morse_encoder.sysdef"/>
  <File Type="ROUTE-METHODOLOGY-DRC-PB" Name="morse_encoder_methodology_drc_routed.pb"/>
  <File Type="BITSTR-LTX" Name="debug_nets.ltx"/>
  <File Type="BITSTR-LTX" Name="morse_encoder.ltx"/>
  <File Type="BOOT-PDI-FILE" Name="morse_encoder_boot.pdi"/>
  <File Type="WBT-USG" Name="usage_statistics_webtalk.html"/>
  <File Type="NPI_FILE" Name="morse_encoder.npi"/>
  <File Type="OPT-DRC" Name="morse_encoder_drc_opted.rpt"/>
  <File Type="RBD_FILE" Name="morse_encoder.rbd"/>
  <File Type="OPT-HWDEF" Name="morse_encoder.hwdef"/>
  <File Type="PLACE-IO" Name="morse_encoder_io_placed.rpt"/>
  <File Type="PLACE-UTIL" Name="morse_encoder_utilization_placed.rpt"/>
  <File Type="PLACE-UTIL-PB" Name="morse_encoder_utilization_placed.pb"/>
  <File Type="PLACE-CTRL" Name="morse_encoder_control_sets_placed.rpt"/>
  <File Type="PLACE-PRE-SIMILARITY" Name="morse_encoder_incremental_reuse_pre_placed.rpt"/>
  <File Type="ROUTE-DRC" Name="morse_encoder_drc_routed.rpt"/>
  <File Type="ROUTE-DRC-PB" Name="morse_encoder_drc_routed.pb"/>
  <File Type="ROUTE-PWR-RPX" Name="morse_encoder_power_routed.rpx"/>
  <File Type="ROUTE-STATUS" Name="morse_encoder_route_status.rpt"/>
  <File Type="ROUTE-STATUS-PB" Name="morse_encoder_route_status.pb"/>
  <File Type="ROUTE-DCP" Name="morse_encoder_routed.dcp"/>
  <File Type="ROUTE-ERROR-DCP" Name="morse_encoder_routed_error.dcp"/>
  <File Type="ROUTE-BLACKBOX-DCP" Name="morse_encoder_routed_bb.dcp"/>
  <File Type="ROUTE-TIMINGSUMMARY" Name="morse_encoder_timing_summary_routed.rpt"/>
  <File Type="ROUTE-TIMING-PB" Name="morse_encoder_timing_summary_routed.pb"/>
  <File Type="ROUTE-TIMING-RPX" Name="morse_encoder_timing_summary_routed.rpx"/>
  <File Type="ROUTE-SIMILARITY" Name="morse_encoder_incremental_reuse_routed.rpt"/>
  <File Type="ROUTE-BUS-SKEW" Name="morse_encoder_bus_skew_routed.rpt"/>
  <File Type="ROUTE-BUS-SKEW-PB" Name="morse_encoder_bus_skew_routed.pb"/>
  <File Type="ROUTE-BUS-SKEW-RPX" Name="morse_encoder_bus_skew_routed.rpx"/>
  <File Type="OPT-DCP" Name="morse_encoder_opt.dcp"/>
  <File Type="PLACE-DCP" Name="morse_encoder_placed.dcp"/>
  <File Type="PWROPT-DCP" Name="morse_encoder_pwropt.dcp"/>
  <File Type="POSTPLACE-PWROPT-DCP" Name="morse_encoder_postplace_pwropt.dcp"/>
  <File Type="PHYSOPT-DCP" Name="morse_encoder_physopt.dcp"/>
  <File Type="POSTROUTE-PHYSOPT-DCP" Name="morse_encoder_postroute_physopt.dcp"/>
  <File Type="POSTROUTE-PHYSOPT-BLACKBOX-DCP" Name="morse_encoder_postroute_physopt_bb.dcp"/>
  <File Type="POSTROUTE-PHYSOPT-TIMING" Name="morse_encoder_timing_summary_postroute_physopted.rpt"/>
  <File Type="POSTROUTE-PHYSOPT-TIMING-PB" Name="morse_encoder_timing_summary_postroute_physopted.pb"/>
  <File Type="POSTROUTE-PHYSOPT-TIMING-RPX" Name="morse_encoder_timing_summary_postroute_physopted.rpx"/>
  <File Type="POSTROUTE-PHYSOPT-BUS-SKEW" Name="morse_encoder_bus_skew_postroute_physopted.rpt"/>
  <File Type="POSTROUTE-PHYSOPT-BUS-SKEW-RPX" Name="morse_encoder_bus_skew_postroute_physopted.rpx"/>
  <File Type="ROUTE-DRC-RPX" Name="morse_encoder_drc_routed.rpx"/>
  <File Type="ROUTE-METHODOLOGY-DRC-RPX" Name="morse_encoder_methodology_drc_routed.rpx"/>
  <File Type="PDI-FILE" Name="morse_encoder.pdi"/>
  <File Type="PL-PDI-FILE" Name="morse_encoder_pld.pdi"/>
  <File Type="RCFI_FILE" Name="morse_encoder.rcfi"/>
  <File Type="CFI_FILE" Name="morse_encoder.cfi"/>
  <File Type="RNPI_FILE" Name="morse_encoder.rnpi"/>
  <File Type="ROUTE-RQS" Name="morse_encoder_routed.rqs"/>
  <File Type="POSTROUTE-PHYSOPT-RQS" Name="morse_encoder_postroute_physopted.rqs"/>
  <File Type="ROUTE-RQS-RPT" Name="route_report_qor_suggestions_0.rpt"/>
  <File Type="POSTROUTE-PHYSOPT-RQS-RPT" Name="postroute_physopt_report_qor_suggestions_0.rpt"/>
  <FileSet Name="sources" Type="DesignSrcs" RelSrcDir="$PSRCDIR/sources_1" RelGenDir="$PGENDIR/sources_1">
    <Filter Type="Srcs"/>
    <File Path="$PSRCDIR/sources_1/new/morse_encoder.v">
      <FileInfo>
        <Attr Name="UsedIn" Val="synthesis"/>
        <Attr Name="UsedIn" Val="implementation"/>
        <Attr Name="UsedIn" Val="simulation"/>
      </FileInfo>
    </File>
    <Config>
      <Option Name="DesignMode" Val="RTL"/>
      <Option Name="TopModule" Val="morse_encoder"/>
      <Option Name="TopAutoSet" Val="TRUE"/>
    </Config>
  </FileSet>
  <FileSet Name="constrs_in" Type="Constrs" RelSrcDir="$PSRCDIR/constrs_1" RelGenDir="$PGENDIR/constrs_1">
    <Filter Type="Constrs"/>
    <File Path="$PSRCDIR/constrs_1/new/PINS.xdc">
      <FileInfo>
        <Attr Name="UsedIn" Val="synthesis"/>
        <Attr Name="UsedIn" Val="implementation"/>
      </FileInfo>
    </File>
    <Config>
      <Option Name="ConstrsType" Val="XDC"/>
    </Config>
  </FileSet>
  <FileSet Name="utils" Type="Utils" RelSrcDir="$PSRCDIR/utils_1" RelGenDir="$PGENDIR/utils_1">
    <Filter Type="Utils"/>
    <Config>
      <Option Name="TopAutoSet" Val="TRUE"/>
    </Config>
  </FileSet>
  <Strategy Version="1" Minor="2">
    <StratHandle Name="Vivado Implementation Defaults" Flow="Vivado Implementation 2023"/>
    <Step Id="init_design"/>
    <Step Id="opt_design"/>
    <Step Id="power_opt_design"/>
    <Step Id="place_design"/>
    <Step Id="post_place_power_opt_design"/>
    <Step Id="phys_opt_design"/>
    <Step Id="route_design"/>
    <Step Id="post_route_phys_opt_design"/>
    <Step Id="write_bitstream"/>
  </Strategy>
</GenRun>
